"CanonicalURL","Occurrences","Files","SameFile","Locations"
"magicui.design/","6","5","True","README.md:42 | demos\demo-links.md:11 | demos\demo-links.md:11 | resources\curated-resources.md:16 | ui\animations.md:13 | ui\ui-generators.md:8"
"reactbits.dev/","6","5","True","README.md:44 | demos\demo-links.md:9 | demos\demo-links.md:9 | resources\curated-resources.md:18 | ui\animations.md:12 | ui\ui-generators.md:14"
"cult-ui.com/","5","4","True","README.md:38 | resources\curated-resources.md:12 | resources\website-directory.md:21 | resources\website-directory.md:22 | ui\ui-generators.md:9"
"minimal.gallery/","3","2","True","inspiration\website-inspiration.md:9 | resources\website-directory.md:151 | resources\website-directory.md:152"
"shoogle.dev/directory","2","1","True","resources\website-directory.md:136 | resources\website-directory.md:137"
"bookofshapes.com/","2","1","True","resources\website-directory.md:106 | resources\website-directory.md:107"
"logoinspo.com/","2","1","True","resources\website-directory.md:146 | resources\website-directory.md:147"
"dotforge.vercel.app/","2","1","True","resources\website-directory.md:116 | resources\website-directory.md:117"
"tabbied.com/patterns","2","1","True","resources\website-directory.md:111 | resources\website-directory.md:112"
"typescale.com/","2","1","True","resources\fonts.md:11 | resources\fonts.md:12"
"spacetypegenerator.com/","2","1","True","resources\website-directory.md:101 | resources\website-directory.md:102"
"agent-builder-ui-one.vercel.app/","2","1","True","resources\website-directory.md:46 | resources\website-directory.md:47"
"keylineicons.com/icons","2","1","True","resources\website-directory.md:56 | resources\website-directory.md:57"
"ascii-magic.com/","2","1","True","resources\website-directory.md:71 | resources\website-directory.md:72"
"gradientool.com/","2","1","True","resources\website-directory.md:81 | resources\website-directory.md:82"
"cutting-mat-generator.vercel.app/","2","1","True","resources\website-directory.md:96 | resources\website-directory.md:97"
"animos.app/editor","2","1","True","resources\website-directory.md:91 | resources\website-directory.md:92"
"backgrounds.supply/gradient-lab","2","1","True","resources\website-directory.md:86 | resources\website-directory.md:87"
"evilcharts.com/","7","7","False","README.md:35 | demos\demo-links.md:7 | guides\resource-format.md:8 | resources\curated-resources.md:9 | resources\website-directory.md:6 | ui\charts.md:5 | videos\ui-demos.md:10"
"ui.shadcn.com/","6","6","False","README.md:39 | demos\demo-links.md:8 | frontend\libraries.md:9 | resources\curated-resources.md:13 | ui\component-libraries.md:5 | videos\ui-demos.md:11"
"skiper-ui.com/","5","5","False","README.md:37 | resources\curated-resources.md:11 | resources\website-directory.md:16 | ui\animations.md:14 | ui\ui-generators.md:11"
"ui.aceternity.com/","4","4","False","README.md:41 | demos\demo-links.md:10 | resources\curated-resources.md:15 | ui\ui-generators.md:13"
"forgeui.in/","4","4","False","README.md:36 | resources\curated-resources.md:10 | resources\website-directory.md:11 | ui\ui-generators.md:10"
"21st.dev/","3","3","False","README.md:40 | resources\curated-resources.md:14 | ui\ui-generators.md:12"
"figma.com/","3","3","False","ux\prototyping.md:5 | ux\ux-tools.md:5 | ux\wireframing.md:6"
"youtube.com/@javascriptmastery","2","2","False","videos\tutorials.md:10 | videos\ui-demos.md:16"
"codepen.io/","2","2","False","videos\frontend-demos.md:15 | videos\ui-demos.md:7"
"optimalworkshop.com/","2","2","False","ux\user-research.md:9 | ux\ux-tools.md:9"
"youtube.com/@designcourse","2","2","False","videos\tutorials.md:11 | videos\ui-demos.md:15"
"penpot.app/","2","2","False","ux\prototyping.md:10 | ux\wireframing.md:11"
"figma.com/figjam","2","2","False","ux\ux-tools.md:6 | ux\wireframing.md:7"
"usertesting.com/","2","2","False","ux\user-research.md:8 | ux\ux-tools.md:12"
"maze.co/","2","2","False","ux\user-research.md:7 | ux\ux-tools.md:7"
"youtube.com/@webdevsimplified","2","2","False","videos\frontend-demos.md:6 | videos\tutorials.md:8"
"youtube.com/@freecodecamp","2","2","False","videos\frontend-demos.md:11 | videos\tutorials.md:6"
"frontendmentor.io/","2","2","False","videos\frontend-demos.md:14 | videos\ui-demos.md:6"
"youtube.com/@kevinpowell","2","2","False","videos\frontend-demos.md:7 | videos\tutorials.md:9"
"youtube.com/@netninja","2","2","False","videos\frontend-demos.md:10 | videos\tutorials.md:7"
"d3js.org/","2","2","False","frontend\libraries.md:12 | ui\charts.md:11"
"recharts.org/","2","2","False","frontend\libraries.md:11 | ui\charts.md:6"
"radix-ui.com/","2","2","False","frontend\libraries.md:8 | ui\component-libraries.md:10"
"land-book.com/","2","2","False","inspiration\landing-pages.md:5 | inspiration\website-inspiration.md:11"
"evilcharts.com/docs","2","2","False","guides\resource-format.md:11 | resources\curated-resources.md:9"
"motion.dev/","2","2","False","frontend\libraries.md:13 | ui\animations.md:5"
"animista.net/","2","2","False","frontend\css.md:10 | ui\animations.md:11"
"evilcharts.com/docs/recharts/area-chart/static","2","2","False","demos\demo-links.md:7 | guides\resource-format.md:12"
"motion-primitives.com/","2","2","False","README.md:43 | resources\curated-resources.md:17"
"chakra-ui.com/","2","2","False","frontend\libraries.md:7 | ui\component-libraries.md:9"
"ant.design/","2","2","False","frontend\libraries.md:6 | ui\component-libraries.md:7"
"mui.com/","2","2","False","frontend\libraries.md:5 | ui\component-libraries.md:6"
"openverse.org/","2","2","False","resources\free-assets.md:10 | resources\images.md:10"
"storyset.com/","2","2","False","resources\free-assets.md:8 | resources\illustrations.md:6"
"undraw.co/illustrations","2","2","False","resources\free-assets.md:7 | resources\illustrations.md:5"
"manypixels.co/gallery","2","2","False","resources\free-assets.md:14 | resources\illustrations.md:8"
"heroicons.com/","2","2","False","resources\free-assets.md:13 | resources\icons.md:6"
"lucide.dev/","2","2","False","resources\free-assets.md:12 | resources\icons.md:5"
"awwwards.com/","2","2","False","inspiration\portfolio-inspiration.md:5 | inspiration\website-inspiration.md:5"
"onepagelove.com/","2","2","False","inspiration\landing-pages.md:7 | inspiration\website-inspiration.md:10"
"lapa.ninja/","2","2","False","inspiration\landing-pages.md:6 | inspiration\website-inspiration.md:12"
"fonts.google.com/","2","2","False","resources\fonts.md:5 | resources\free-assets.md:11"
"dribbble.com/","2","2","False","inspiration\portfolio-inspiration.md:7 | videos\ui-demos.md:8"
"behance.net/","2","2","False","inspiration\portfolio-inspiration.md:6 | videos\ui-demos.md:9"
