"Priority","Feature","Area"
"P0","Resource-level duplicate detection","Data Quality"
"P0","Schema v2 alignment","Data Quality"
"P0","Safe registry merge","Registry"
"P0","Canonical URL normalization","Data Quality"
"P0","Complete CI validation","Automation"
"P1","Descriptions for every resource","Metadata"
"P1","Framework metadata","Metadata"
"P1","Technology metadata","Metadata"
"P1","Tags","Metadata"
"P1","Pricing verification","Metadata"
"P1","License verification","Metadata"
"P1","Last verified dates","Metadata"
"P1","HTTP health classification","Automation"
"P1","Retry handling for 429/5xx","Automation"
"P1","GitHub URL validation","GitHub"
"P2","GitHub stars/forks/issues","GitHub Intelligence"
"P2","GitHub language/license","GitHub Intelligence"
"P2","GitHub release information","GitHub Intelligence"
"P2","Full-text search","Website"
"P2","Advanced filters","Website"
"P2","Resource detail pages","Website"
"P2","Random resource","Discovery"
"P2","Recently added","Discovery"
"P2","Recently verified","Discovery"
"P2","Related resources","Discovery"
"P2","Screenshots","Media"
"P2","Video previews","Media"
"P2","Live demo previews","Media"
"P3","Favorites","User Features"
"P3","Collections","User Features"
"P3","Public API","API"
"P3","Search API","API"
"P3","Category API","API"
"P3","Random API","API"
"P3","Health API","API"
"P3","Resource submission","Community"
"P3","Broken link reporting","Community"
"P3","Duplicate reporting","Community"
"P3","Contributor profiles","Community"
"P3","Automated weekly health report","Automation"
"P3","Automated quality PR","Automation"
"P4","250 resources","Scale"
"P4","500 resources","Scale"
"P4","750 resources","Scale"
"P4","1000+ resources","Scale"
